{"0": {"cuff": 8, "name": "ffc9", "coords": [-71.59127607, 25.29038925, -23.88968326]}, "1": {"cuff": 8, "name": "ffc7", "coords": [-69.67953305, 28.6868284, 9.383434374]}, "2": {"cuff": 6, "name": "f5", "coords": [-61.4267134, 48.59256256, 16.76104252]}, "3": {"cuff": 8, "name": "f7", "coords": [-66.96354995, 42.08379521, -8.96643052]}, "4": {"cuff": 6, "name": "ffc5", "coords": [-60.96543008, 35.18124081, 41.93903555]}, "5": {"cuff": 6, "name": "fc3", "coords": [-58.88245718, 21.72929622, 61.71810805]}, "6": {"cuff": 6, "name": "fcc5", "coords": [-71.46391061, 3.23987529, 50.13218197]}, "7": {"cuff": 8, "name": "fc5", "coords": [-72.39186356, 15.30469865, 27.86416468]}, "8": {"cuff": 0, "name": "fp1", "coords": [-28.29054104, 81.90573384, -2.595389058]}, "9": {"cuff": 0, "name": "af7", "coords": [-54.10771276, 66.5667168, -4.988815279]}, "10": {"cuff": 0, "name": "fpz", "coords": [2.880850182, 84.87492849, -2.365112349]}, "11": {"cuff": 0, "name": "af3", "coords": [-32.02819158, 74.87124038, 31.58982549]}, "12": {"cuff": 0, "name": "afz", "coords": [2.911667046, 78.89970466, 36.75517368]}, "13": {"cuff": 1, "name": "fz", "coords": [2.516987149, 56.22453337, 68.47395598]}, "14": {"cuff": 0, "name": "aff1", "coords": [-15.53802017, 70.96607533, 48.65425267]}, "15": {"cuff": 6, "name": "f3", "coords": [-46.91783349, 54.53468968, 44.98283075]}, "16": {"cuff": 2, "name": "fcz", "coords": [1.86532004, 24.79348283, 88.5778693]}, "17": {"cuff": 1, "name": "ffc1", "coords": [-13.34317191, 40.31425456, 78.42869885]}, "18": {"cuff": 2, "name": "fcc1", "coords": [-16.48272471, 7.302545353, 93.0446542]}, "20": {"cuff": 6, "name": "ffc3", "coords": [-43.02338138, 38.92652491, 66.37162567]}, "21": {"cuff": 1, "name": "fc1", "coords": [-31.50257828, 23.84723302, 81.55381953]}, "22": {"cuff": 6, "name": "f1", "coords": [-27.84518335, 55.99428405, 61.59755852]}, "24": {"cuff": 2, "name": "ccp3", "coords": [-51.80923675, -29.42162552, 84.68937071]}, "25": {"cuff": 6, "name": "c3", "coords": [-65.91863408, -12.79064439, 68.4610447]}, "26": {"cuff": 7, "name": "c5", "coords": [-79.04750253, -13.36404899, 33.63100905]}, "27": {"cuff": 7, "name": "ccp5", "coords": [-75.31275505, -30.22761082, 53.80353768]}, "28": {"cuff": 8, "name": "t7", "coords": [-80.65095094, -16.20468508, -3.591446917]}, "29": {"cuff": 7, "name": "ccp7", "coords": [-82.40651651, -29.87035258, 16.34371126]}, "30": {"cuff": 8, "name": "ft7", "coords": [-74.45840716, 11.5824281, -4.898509108]}, "31": {"cuff": 8, "name": "fcc7", "coords": [-78.15968013, -1.996185306, 14.33332721]}, "32": {"cuff": 7, "name": "p5", "coords": [-72.45052857, -76.84685997, 33.97363306]}, "33": {"cuff": 7, "name": "cpp7", "coords": [-79.73471501, -60.77197073, 19.24430912]}, "34": {"cuff": 7, "name": "p7", "coords": [-74.68450749, -75.93487614, 4.006886998]}, "35": {"cuff": 5, "name": "ppo7", "coords": [-65.18527304, -88.43195018, -11.50972182]}, "36": {"cuff": 7, "name": "tp7", "coords": [-82.4572212, -44.35004608, -1.218406055]}, "37": {"cuff": 7, "name": "tpp9", "coords": [-78.99885001, -61.11634012, -16.75391144]}, "38": {"cuff": 8, "name": "ft9", "coords": [-73.87243188, 11.32334824, -42.49861958]}, "39": {"cuff": 8, "name": "ftt9", "coords": [-76.90703446, -2.610259146, -22.78648117]}, "40": {"cuff": 5, "name": "oi3", "coords": [-46.43483506, -107.1916263, -8.579381754]}, "41": {"cuff": 5, "name": "po7", "coords": [-54.95244281, -101.2745354, 11.28481375]}, "42": {"cuff": 4, "name": "po3", "coords": [-39.37315636, -103.2031436, 43.34319313]}, "43": {"cuff": 4, "name": "ppo3", "coords": [-58.28723676, -94.38595693, 34.26215893]}, "44": {"cuff": 5, "name": "oz", "coords": [-1.85628927, -119.6271621, 15.00363246]}, "45": {"cuff": 4, "name": "poo1", "coords": [-18.73703049, -113.0488737, 34.22452307]}, "46": {"cuff": 5, "name": "o1", "coords": [-31.64500157, -114.2270763, 13.1185833]}, "47": {"cuff": 5, "name": "oi1", "coords": [-17.46636253, -119.5882814, -5.551326703]}, "48": {"cuff": 4, "name": "p3", "coords": [-56.75181351, -80.03413134, 63.09292164]}, "49": {"cuff": 7, "name": "cpp5", "coords": [-71.66926134, -64.15131215, 53.66677535]}, "50": {"cuff": 7, "name": "cp3", "coords": [-65.82116964, -46.39736604, 69.92195989]}, "51": {"cuff": 7, "name": "cp5", "coords": [-80.12747557, -45.59108998, 35.20691484]}, "52": {"cuff": 3, "name": "cpp1", "coords": [-16.51914872, -66.79939224, 92.50370767]}, "53": {"cuff": 4, "name": "cpp3", "coords": [-50.86742032, -64.66782557, 79.33238006]}, "54": {"cuff": 4, "name": "ppo1", "coords": [-23.76567028, -99.67196273, 60.6632764]}, "55": {"cuff": 4, "name": "p1", "coords": [-30.64725318, -83.57157703, 78.30691533]}, "56": {"cuff": 2, "name": "c1", "coords": [-35.179394, -11.07331008, 91.82730669]}, "57": {"cuff": 1, "name": "fcc3", "coords": [-50.55417009, 5.890021943, 78.56945833]}, "60": {"cuff": 3, "name": "cp1", "coords": [-35.37332997, -47.59608644, 92.0177369]}, "61": {"cuff": 3, "name": "ccp1", "coords": [-17.50634536, -29.30002617, 98.83077313]}, "64": {"cuff": 8, "name": "fc6", "coords": [75.07035143, 11.98793034, 28.94995964]}, "65": {"cuff": 6, "name": "fcc6", "coords": [73.77076692, -0.026790515, 51.20157511]}, "66": {"cuff": 6, "name": "ffc6", "coords": [64.71376682, 32.35442326, 42.86443762]}, "67": {"cuff": 6, "name": "f6", "coords": [65.58500319, 45.73577355, 17.69625621]}, "68": {"cuff": 8, "name": "f8", "coords": [70.5847029, 38.99001498, -7.953634125]}, "69": {"cuff": 8, "name": "ffc8", "coords": [72.82842935, 25.48149276, 10.43275014]}, "70": {"cuff": 8, "name": "ft10", "coords": [75.74567536, 7.958088902, -41.39695033]}, "71": {"cuff": 8, "name": "ffc10", "coords": [74.28696392, 22.00924823, -22.81555143]}, "72": {"cuff": 1, "name": "ffc2", "coords": [17.70002717, 39.61602078, 78.65727638]}, "74": {"cuff": 6, "name": "f4", "coords": [51.61736869, 52.31840373, 45.70836593]}, "75": {"cuff": 6, "name": "f2", "coords": [32.77790776, 54.63072968, 62.04393895]}, "76": {"cuff": 0, "name": "af4", "coords": [37.58201285, 73.30554492, 32.1023799]}, "77": {"cuff": 0, "name": "aff2", "coords": [21.07399443, 70.14258594, 48.92383455]}, "78": {"cuff": 0, "name": "fp2", "coords": [33.87954812, 80.50738389, -2.137617761]}, "79": {"cuff": 0, "name": "af8", "coords": [58.92840071, 64.02427161, -4.156506865]}, "80": {"cuff": 6, "name": "ffc4", "coords": [47.17981728, 36.8976451, 67.03581058]}, "82": {"cuff": 6, "name": "fc4", "coords": [62.17324088, 19.00647192, 62.60946634]}, "84": {"cuff": 2, "name": "fcc2", "coords": [19.41132378, 6.495204691, 93.30894954]}, "86": {"cuff": 1, "name": "fc2", "coords": [35.09400042, 22.34932102, 82.04418399]}, "88": {"cuff": 8, "name": "ft8", "coords": [76.67267453, 8.183138447, -3.785699519]}, "89": {"cuff": 8, "name": "ftt10", "coords": [78.29439089, -6.101100298, -21.6437008]}, "90": {"cuff": 7, "name": "c6", "coords": [80.42104715, -16.9508677, 34.80520915]}, "91": {"cuff": 8, "name": "fcc8", "coords": [79.89989233, -5.551312837, 15.49715272]}, "92": {"cuff": 7, "name": "cp6", "coords": [79.99748443, -49.19267288, 36.38594822]}, "93": {"cuff": 7, "name": "ccp6", "coords": [76.07331997, -33.63263587, 54.91822484]}, "94": {"cuff": 6, "name": "c4", "coords": [67.63735174, -15.79462925, 69.44444521]}, "95": {"cuff": 2, "name": "ccp4", "coords": [52.90167192, -31.77681748, 85.46037891]}, "96": {"cuff": 8, "name": "t8", "coords": [81.56314341, -19.85325747, -2.3970308]}, "97": {"cuff": 7, "name": "ccp8", "coords": [82.84865332, -33.58732584, 17.56051945]}, "98": {"cuff": 7, "name": "tp8", "coords": [82.06418129, -48.0505152, -0.007000748]}, "99": {"cuff": 7, "name": "tpp10", "coords": [77.68429214, -64.64050853, -15.60022087]}, "100": {"cuff": 7, "name": "p8", "coords": [72.85891739, -79.25347104, 5.093279924]}, "101": {"cuff": 5, "name": "ppo8", "coords": [62.64519868, -91.3071549, -10.56847947]}, "102": {"cuff": 7, "name": "p6", "coords": [70.84679029, -80.06995007, 35.02876102]}, "103": {"cuff": 7, "name": "cpp8",